{"cameraMode":{"drawMode":0,"name":"Shaded","section":"Shading Mode"},"sceneLighting":false,"audioPlay":false,"sceneViewState":{"m_AlwaysRefresh":false,"showFog":true,"showSkybox":false,"showFlares":true,"showImageEffects":true,"showParticleSystems":true,"showVisualEffectGraphs":true,"m_FxEnabled":true},"in2DMode":false,"pivot":{"x":-62.025489807128909,"y":1.3438432216644288,"z":0.03298461437225342},"rotation":{"x":-0.016493216156959535,"y":0.9732668399810791,"z":-0.21661916375160218,"w":-0.07399683445692063},"size":0.6007744073867798,"orthographic":false}