{"cameraMode":{"drawMode":0,"name":"Shaded","section":"Shading Mode"},"sceneLighting":true,"audioPlay":false,"sceneViewState":{"m_AlwaysRefresh":false,"showFog":true,"showSkybox":true,"showFlares":true,"showImageEffects":true,"showParticleSystems":true,"showVisualEffectGraphs":true,"m_FxEnabled":true},"in2DMode":false,"pivot":{"x":-1.8138126134872437,"y":4.451774597167969,"z":-3.990994691848755},"rotation":{"x":0.32891449332237246,"y":0.03540227562189102,"z":-0.012340135872364045,"w":0.9436182975769043},"size":0.5918814539909363,"orthographic":false}