{"cameraMode":{"drawMode":0,"name":"Shaded","section":"Shading Mode"},"sceneLighting":true,"audioPlay":false,"sceneViewState":{"m_AlwaysRefresh":false,"showFog":true,"showSkybox":true,"showFlares":true,"showImageEffects":true,"showParticleSystems":true,"showVisualEffectGraphs":true,"m_FxEnabled":true},"in2DMode":false,"pivot":{"x":-1.8860788345336915,"y":18.679943084716798,"z":-4.597421646118164},"rotation":{"x":0.08979342132806778,"y":0.04331012815237045,"z":-0.0038966697175055744,"w":0.9949864149093628},"size":33.08538818359375,"orthographic":false}