{"cameraMode":{"drawMode":0,"name":"Shaded","section":"Shading Mode"},"sceneLighting":false,"audioPlay":false,"sceneViewState":{"m_AlwaysRefresh":false,"showFog":true,"showSkybox":false,"showFlares":true,"showImageEffects":true,"showParticleSystems":true,"showVisualEffectGraphs":true,"m_FxEnabled":true},"in2DMode":false,"pivot":{"x":1.6240582466125489,"y":0.10094954818487168,"z":-2.846804618835449},"rotation":{"x":-0.31432151794433596,"y":0.01766285113990307,"z":-0.005814787931740284,"w":-0.9490992426872253},"size":0.5180510878562927,"orthographic":false}