{"cameraMode":{"drawMode":0,"name":"Shaded","section":"Shading Mode"},"sceneLighting":false,"audioPlay":false,"sceneViewState":{"m_AlwaysRefresh":false,"showFog":true,"showSkybox":false,"showFlares":true,"showImageEffects":true,"showParticleSystems":true,"showVisualEffectGraphs":true,"m_FxEnabled":true},"in2DMode":false,"pivot":{"x":-60.568355560302737,"y":1.321094274520874,"z":0.7353124022483826},"rotation":{"x":-0.0023629297502338888,"y":0.9975811243057251,"z":-0.05392167717218399,"w":-0.04312159866094589},"size":0.8623998761177063,"orthographic":false}