{"cameraMode":{"drawMode":0,"name":"Shaded","section":"Shading Mode"},"sceneLighting":false,"audioPlay":false,"sceneViewState":{"m_AlwaysRefresh":false,"showFog":true,"showSkybox":false,"showFlares":true,"showImageEffects":true,"showParticleSystems":true,"showVisualEffectGraphs":true,"m_FxEnabled":true},"in2DMode":false,"pivot":{"x":1.579667091369629,"y":0.23954643309116364,"z":0.08779877424240112},"rotation":{"x":-0.1895461231470108,"y":0.03298255801200867,"z":-0.006368355825543404,"w":-0.9812858700752258},"size":3.3460757732391359,"orthographic":false}