{"cameraMode":{"drawMode":0,"name":"Shaded","section":"Shading Mode"},"sceneLighting":false,"audioPlay":false,"sceneViewState":{"m_AlwaysRefresh":false,"showFog":true,"showSkybox":false,"showFlares":true,"showImageEffects":true,"showParticleSystems":true,"showVisualEffectGraphs":true,"m_FxEnabled":true},"in2DMode":false,"pivot":{"x":1.6528067588806153,"y":0.146695077419281,"z":-1.2794246673583985},"rotation":{"x":-0.31432151794433596,"y":0.01766285113990307,"z":-0.005814787931740284,"w":-0.9490992426872253},"size":0.667819082736969,"orthographic":false}