{"cameraMode":{"drawMode":0,"name":"Shaded","section":"Shading Mode"},"sceneLighting":false,"audioPlay":false,"sceneViewState":{"m_AlwaysRefresh":false,"showFog":true,"showSkybox":false,"showFlares":true,"showImageEffects":true,"showParticleSystems":true,"showVisualEffectGraphs":true,"m_FxEnabled":true},"in2DMode":false,"pivot":{"x":1.847858190536499,"y":0.18606318533420564,"z":0.07416623830795288},"rotation":{"x":0.11111961305141449,"y":-0.5311643481254578,"z":0.07053501158952713,"w":0.8369618654251099},"size":0.2749214172363281,"orthographic":false}